"agent_id","server_id","timestamp"
"o-6dn3k0ihqcrrtg07f","d-server-01z8e4o14t22wr","2021-07-03 14:58:33.000"
"o-25zxbz550dvex7b59","d-server-00symnzy71d60v","2021-07-03 15:03:06.000"
"o-6dn3k0ihqcrrtg07f","d-server-01z8e4o14t22wr","2021-07-03 15:03:37.000"
"o-39iqezsdkbdt5j7kf","d-server-01u0nnpwlgxqj5","2021-07-03 15:03:31.000"
"o-1zafso4q4q212rf51","d-server-01ifrsp3279fnm","2021-07-03 15:05:42.000"
"o-25zxbz550dvex7b59","d-server-00symnzy71d60v","2021-07-03 15:08:10.000"
"o-25zxbz550dvex7b59","d-server-00symnzy71d60v","2021-07-04 04:20:36.000"
"o-6dn3k0ihqcrrtg07f","d-server-01z8e4o14t22wr","2021-07-04 04:21:52.000"
"o-1zafso4q4q212rf51","d-server-01ifrsp3279fnm","2021-07-04 04:24:19.000"
"o-6cif0wg3evk5xiw5o","d-server-00ga81n9jgn1os","2021-07-04 04:24:23.000"
"o-39iqezsdkbdt5j7kf","d-server-01u0nnpwlgxqj5","2021-07-04 04:25:17.000"
"o-1a04oo4gdhip87lzm","d-server-012r1l8pann3h1","2021-07-04 04:25:38.000"
"o-6dn3k0ihqcrrtg07f","d-server-01z8e4o14t22wr","2021-07-04 04:26:56.000"
"o-39iqezsdkbdt5j7kf","d-server-01u0nnpwlgxqj5","2021-07-04 04:30:21.000"
"o-1zafso4q4q212rf51","d-server-01ifrsp3279fnm","2021-07-04 04:34:25.000"
"o-6cif0wg3evk5xiw5o","d-server-00ga81n9jgn1os","2021-07-04 04:34:28.000"
"o-39iqezsdkbdt5j7kf","d-server-01u0nnpwlgxqj5","2021-07-04 02:06:32.000"
"o-6dn3k0ihqcrrtg07f","d-server-01z8e4o14t22wr","2021-07-04 02:08:03.000"
"o-25zxbz550dvex7b59","d-server-00symnzy71d60v","2021-07-04 02:09:09.000"
"o-6cif0wg3evk5xiw5o","d-server-00ga81n9jgn1os","2021-07-04 02:09:31.000"
"o-1a04oo4gdhip87lzm","d-server-012r1l8pann3h1","2021-07-04 02:11:40.000"
"o-25zxbz550dvex7b59","d-server-00symnzy71d60v","2021-07-04 02:16:44.000"
"o-6cif0wg3evk5xiw5o","d-server-00ga81n9jgn1os","2021-07-04 02:17:06.000"
"o-1zafso4q4q212rf51","d-server-01ifrsp3279fnm","2021-07-04 02:17:49.000"
"o-39iqezsdkbdt5j7kf","d-server-01u0nnpwlgxqj5","2021-07-04 02:19:07.000"
"o-6dn3k0ihqcrrtg07f","d-server-01z8e4o14t22wr","2021-07-04 02:20:40.000"
"o-39iqezsdkbdt5j7kf","d-server-01u0nnpwlgxqj5","2021-07-03 19:22:53.000"
"o-6dn3k0ihqcrrtg07f","d-server-01z8e4o14t22wr","2021-07-03 19:23:43.000"
"o-25zxbz550dvex7b59","d-server-00symnzy71d60v","2021-07-03 19:26:56.000"
"o-1zafso4q4q212rf51","d-server-01ifrsp3279fnm","2021-07-03 19:27:31.000"
"o-39iqezsdkbdt5j7kf","d-server-01u0nnpwlgxqj5","2021-07-03 19:33:00.000"
"o-25zxbz550dvex7b59","d-server-00symnzy71d60v","2021-07-03 19:34:29.000"
"o-6dn3k0ihqcrrtg07f","d-server-01z8e4o14t22wr","2021-07-03 19:36:20.000"
"o-6cif0wg3evk5xiw5o","d-server-00ga81n9jgn1os","2021-07-04 01:36:31.000"
"o-1zafso4q4q212rf51","d-server-01ifrsp3279fnm","2021-07-04 01:37:22.000"
"o-6dn3k0ihqcrrtg07f","d-server-01z8e4o14t22wr","2021-07-04 01:37:45.000"
"o-25zxbz550dvex7b59","d-server-00symnzy71d60v","2021-07-04 01:38:04.000"
"o-39iqezsdkbdt5j7kf","d-server-01u0nnpwlgxqj5","2021-07-04 01:41:02.000"
"o-25zxbz550dvex7b59","d-server-00symnzy71d60v","2021-07-04 01:45:40.000"
"o-1a04oo4gdhip87lzm","d-server-012r1l8pann3h1","2021-07-04 01:45:40.000"
"o-6cif0wg3evk5xiw5o","d-server-00ga81n9jgn1os","2021-07-04 01:49:20.000"
"o-1zafso4q4q212rf51","d-server-01ifrsp3279fnm","2021-07-04 01:50:00.000"
"o-6dn3k0ihqcrrtg07f","d-server-01z8e4o14t22wr","2021-07-04 01:50:22.000"
"o-1zafso4q4q212rf51","d-server-01ifrsp3279fnm","2021-07-03 21:25:14.000"
"o-39iqezsdkbdt5j7kf","d-server-01u0nnpwlgxqj5","2021-07-03 21:26:37.000"
"o-25zxbz550dvex7b59","d-server-00symnzy71d60v","2021-07-03 21:28:09.000"
"o-6dn3k0ihqcrrtg07f","d-server-01z8e4o14t22wr","2021-07-03 21:30:34.000"
"o-39iqezsdkbdt5j7kf","d-server-01u0nnpwlgxqj5","2021-07-03 21:31:40.000"
"o-1zafso4q4q212rf51","d-server-01ifrsp3279fnm","2021-07-03 21:32:48.000"
"o-25zxbz550dvex7b59","d-server-00symnzy71d60v","2021-07-03 21:38:15.000"
"o-39iqezsdkbdt5j7kf","d-server-01u0nnpwlgxqj5","2021-07-03 14:25:37.000"
"o-1zafso4q4q212rf51","d-server-01ifrsp3279fnm","2021-07-03 14:30:20.000"
"o-6dn3k0ihqcrrtg07f","d-server-01z8e4o14t22wr","2021-07-03 14:30:49.000"
"o-25zxbz550dvex7b59","d-server-00symnzy71d60v","2021-07-03 14:34:54.000"
"o-39iqezsdkbdt5j7kf","d-server-01u0nnpwlgxqj5","2021-07-03 14:35:44.000"
"o-1zafso4q4q212rf51","d-server-01ifrsp3279fnm","2021-07-03 14:40:25.000"
"o-1zafso4q4q212rf51","d-server-01ifrsp3279fnm","2021-07-03 17:58:46.000"
"o-25zxbz550dvex7b59","d-server-00symnzy71d60v","2021-07-03 18:01:06.000"
"o-39iqezsdkbdt5j7kf","d-server-01u0nnpwlgxqj5","2021-07-03 18:04:29.000"
"o-6dn3k0ihqcrrtg07f","d-server-01z8e4o14t22wr","2021-07-03 18:08:00.000"
"o-25zxbz550dvex7b59","d-server-00symnzy71d60v","2021-07-03 18:08:40.000"
"o-6cif0wg3evk5xiw5o","d-server-00ga81n9jgn1os","2021-07-03 23:23:44.000"
"o-1a04oo4gdhip87lzm","d-server-012r1l8pann3h1","2021-07-03 23:24:13.000"
"o-39iqezsdkbdt5j7kf","d-server-01u0nnpwlgxqj5","2021-07-03 23:23:53.000"
"o-1zafso4q4q212rf51","d-server-01ifrsp3279fnm","2021-07-03 23:24:43.000"
"o-6dn3k0ihqcrrtg07f","d-server-01z8e4o14t22wr","2021-07-03 23:24:23.000"
"o-25zxbz550dvex7b59","d-server-00symnzy71d60v","2021-07-03 23:26:44.000"
"o-1a04oo4gdhip87lzm","d-server-012r1l8pann3h1","2021-07-03 23:31:47.000"
"o-1zafso4q4q212rf51","d-server-01ifrsp3279fnm","2021-07-03 23:32:17.000"
"o-6dn3k0ihqcrrtg07f","d-server-01z8e4o14t22wr","2021-07-03 23:37:01.000"
"o-1zafso4q4q212rf51","d-server-01ifrsp3279fnm","2021-07-03 23:03:41.000"
"o-6cif0wg3evk5xiw5o","d-server-00ga81n9jgn1os","2021-07-03 23:03:28.000"
"o-1a04oo4gdhip87lzm","d-server-012r1l8pann3h1","2021-07-03 23:09:06.000"
"o-6cif0wg3evk5xiw5o","d-server-00ga81n9jgn1os","2021-07-03 23:11:04.000"
"o-25zxbz550dvex7b59","d-server-00symnzy71d60v","2021-07-03 23:11:38.000"
"o-39iqezsdkbdt5j7kf","d-server-01u0nnpwlgxqj5","2021-07-03 23:13:48.000"
"o-1zafso4q4q212rf51","d-server-01ifrsp3279fnm","2021-07-03 23:13:47.000"
"o-6dn3k0ihqcrrtg07f","d-server-01z8e4o14t22wr","2021-07-03 23:14:17.000"
"o-1a04oo4gdhip87lzm","d-server-012r1l8pann3h1","2021-07-03 23:16:40.000"
"o-25zxbz550dvex7b59","d-server-00symnzy71d60v","2021-07-03 22:31:14.000"
"o-39iqezsdkbdt5j7kf","d-server-01u0nnpwlgxqj5","2021-07-03 22:33:24.000"
"o-6dn3k0ihqcrrtg07f","d-server-01z8e4o14t22wr","2021-07-03 22:38:56.000"
"o-39iqezsdkbdt5j7kf","d-server-01u0nnpwlgxqj5","2021-07-03 22:43:29.000"
"o-25zxbz550dvex7b59","d-server-00symnzy71d60v","2021-07-03 22:43:51.000"
"o-25zxbz550dvex7b59","d-server-00symnzy71d60v","2021-07-04 05:08:32.000"
"o-6dn3k0ihqcrrtg07f","d-server-01z8e4o14t22wr","2021-07-04 05:09:52.000"
"o-25zxbz550dvex7b59","d-server-00symnzy71d60v","2021-07-04 05:13:35.000"
"o-39iqezsdkbdt5j7kf","d-server-01u0nnpwlgxqj5","2021-07-04 05:14:27.000"
"o-1a04oo4gdhip87lzm","d-server-012r1l8pann3h1","2021-07-04 05:16:06.000"
"o-6cif0wg3evk5xiw5o","d-server-00ga81n9jgn1os","2021-07-04 05:17:29.000"
"o-1zafso4q4q212rf51","d-server-01ifrsp3279fnm","2021-07-04 05:17:19.000"
"o-6dn3k0ihqcrrtg07f","d-server-01z8e4o14t22wr","2021-07-04 05:19:58.000"
"o-6cif0wg3evk5xiw5o","d-server-00ga81n9jgn1os","2021-07-04 05:21:04.000"
"o-39iqezsdkbdt5j7kf","d-server-01u0nnpwlgxqj5","2021-07-04 05:22:03.000"
"o-39iqezsdkbdt5j7kf","d-server-01u0nnpwlgxqj5","2021-07-03 22:15:43.000"
"o-25zxbz550dvex7b59","d-server-00symnzy71d60v","2021-07-03 22:16:04.000"
"o-6dn3k0ihqcrrtg07f","d-server-01z8e4o14t22wr","2021-07-03 22:16:10.000"
"o-1zafso4q4q212rf51","d-server-01ifrsp3279fnm","2021-07-03 22:20:47.000"
"o-39iqezsdkbdt5j7kf","d-server-01u0nnpwlgxqj5","2021-07-03 22:20:46.000"
"o-6dn3k0ihqcrrtg07f","d-server-01z8e4o14t22wr","2021-07-03 22:26:18.000"
"o-1zafso4q4q212rf51","d-server-01ifrsp3279fnm","2021-07-03 22:28:20.000"
"o-1zafso4q4q212rf51","d-server-01ifrsp3279fnm","2021-07-03 15:28:27.000"
"o-6dn3k0ihqcrrtg07f","d-server-01z8e4o14t22wr","2021-07-03 15:31:23.000"
"o-25zxbz550dvex7b59","d-server-00symnzy71d60v","2021-07-03 15:38:30.000"
"o-6dn3k0ihqcrrtg07f","d-server-01z8e4o14t22wr","2021-07-03 15:38:59.000"
"o-39iqezsdkbdt5j7kf","d-server-01u0nnpwlgxqj5","2021-07-03 15:38:56.000"
"o-25zxbz550dvex7b59","d-server-00symnzy71d60v","2021-07-03 16:16:33.000"
"o-39iqezsdkbdt5j7kf","d-server-01u0nnpwlgxqj5","2021-07-03 16:16:47.000"
"o-6dn3k0ihqcrrtg07f","d-server-01z8e4o14t22wr","2021-07-03 16:19:22.000"
"o-1zafso4q4q212rf51","d-server-01ifrsp3279fnm","2021-07-03 16:24:01.000"
"o-25zxbz550dvex7b59","d-server-00symnzy71d60v","2021-07-03 16:26:38.000"
"o-6dn3k0ihqcrrtg07f","d-server-01z8e4o14t22wr","2021-07-03 16:26:57.000"
"o-39iqezsdkbdt5j7kf","d-server-01u0nnpwlgxqj5","2021-07-03 16:27:36.000"
"o-39iqezsdkbdt5j7kf","d-server-01u0nnpwlgxqj5","2021-07-03 21:41:45.000"
"o-6dn3k0ihqcrrtg07f","d-server-01z8e4o14t22wr","2021-07-03 21:43:20.000"
"o-1zafso4q4q212rf51","d-server-01ifrsp3279fnm","2021-07-03 21:47:58.000"
"o-6dn3k0ihqcrrtg07f","d-server-01z8e4o14t22wr","2021-07-03 21:48:24.000"
"o-25zxbz550dvex7b59","d-server-00symnzy71d60v","2021-07-03 21:48:21.000"
"o-39iqezsdkbdt5j7kf","d-server-01u0nnpwlgxqj5","2021-07-03 21:49:20.000"
"o-6dn3k0ihqcrrtg07f","d-server-01z8e4o14t22wr","2021-07-03 21:53:26.000"
"o-25zxbz550dvex7b59","d-server-00symnzy71d60v","2021-07-03 21:55:54.000"
"o-25zxbz550dvex7b59","d-server-00symnzy71d60v","2021-07-04 02:39:28.000"
"o-1a04oo4gdhip87lzm","d-server-012r1l8pann3h1","2021-07-04 02:44:30.000"
"o-6cif0wg3evk5xiw5o","d-server-00ga81n9jgn1os","2021-07-04 02:44:50.000"
"o-39iqezsdkbdt5j7kf","d-server-01u0nnpwlgxqj5","2021-07-04 02:45:10.000"
"o-6dn3k0ihqcrrtg07f","d-server-01z8e4o14t22wr","2021-07-04 02:45:53.000"
"o-1zafso4q4q212rf51","d-server-01ifrsp3279fnm","2021-07-04 02:45:34.000"
"o-25zxbz550dvex7b59","d-server-00symnzy71d60v","2021-07-04 02:49:33.000"
"o-1a04oo4gdhip87lzm","d-server-012r1l8pann3h1","2021-07-04 02:49:33.000"
"o-39iqezsdkbdt5j7kf","d-server-01u0nnpwlgxqj5","2021-07-04 02:50:12.000"
"o-6dn3k0ihqcrrtg07f","d-server-01z8e4o14t22wr","2021-07-04 02:50:56.000"
"o-39iqezsdkbdt5j7kf","d-server-01u0nnpwlgxqj5","2021-07-04 01:20:49.000"
"o-25zxbz550dvex7b59","d-server-00symnzy71d60v","2021-07-04 01:22:55.000"
"o-1a04oo4gdhip87lzm","d-server-012r1l8pann3h1","2021-07-04 01:22:55.000"
"o-6cif0wg3evk5xiw5o","d-server-00ga81n9jgn1os","2021-07-04 01:23:54.000"
"o-1zafso4q4q212rf51","d-server-01ifrsp3279fnm","2021-07-04 01:24:46.000"
"o-6dn3k0ihqcrrtg07f","d-server-01z8e4o14t22wr","2021-07-04 01:25:08.000"
"o-6cif0wg3evk5xiw5o","d-server-00ga81n9jgn1os","2021-07-04 01:28:57.000"
"o-6dn3k0ihqcrrtg07f","d-server-01z8e4o14t22wr","2021-07-04 01:30:10.000"
"o-1a04oo4gdhip87lzm","d-server-012r1l8pann3h1","2021-07-04 01:30:29.000"
"o-39iqezsdkbdt5j7kf","d-server-01u0nnpwlgxqj5","2021-07-04 01:33:28.000"
"o-1a04oo4gdhip87lzm","d-server-012r1l8pann3h1","2021-07-04 05:23:40.000"
"o-25zxbz550dvex7b59","d-server-00symnzy71d60v","2021-07-04 05:26:11.000"
"o-6cif0wg3evk5xiw5o","d-server-00ga81n9jgn1os","2021-07-04 05:28:40.000"
"o-6dn3k0ihqcrrtg07f","d-server-01z8e4o14t22wr","2021-07-04 05:30:04.000"
"o-1zafso4q4q212rf51","d-server-01ifrsp3279fnm","2021-07-04 05:30:04.000"
"o-1a04oo4gdhip87lzm","d-server-012r1l8pann3h1","2021-07-04 05:31:14.000"
"o-25zxbz550dvex7b59","d-server-00symnzy71d60v","2021-07-04 05:36:17.000"
"o-39iqezsdkbdt5j7kf","d-server-01u0nnpwlgxqj5","2021-07-04 05:37:12.000"
"o-6cif0wg3evk5xiw5o","d-server-00ga81n9jgn1os","2021-07-04 07:20:18.000"
"o-6dn3k0ihqcrrtg07f","d-server-01z8e4o14t22wr","2021-07-04 07:22:26.000"
"o-1zafso4q4q212rf51","d-server-01ifrsp3279fnm","2021-07-04 07:23:43.000"
"o-1a04oo4gdhip87lzm","d-server-012r1l8pann3h1","2021-07-04 07:27:39.000"
"o-39iqezsdkbdt5j7kf","d-server-01u0nnpwlgxqj5","2021-07-04 07:28:24.000"
"o-25zxbz550dvex7b59","d-server-00symnzy71d60v","2021-07-04 07:32:41.000"
"o-6cif0wg3evk5xiw5o","d-server-00ga81n9jgn1os","2021-07-04 07:32:56.000"
"o-1zafso4q4q212rf51","d-server-01ifrsp3279fnm","2021-07-04 07:33:49.000"
"o-25zxbz550dvex7b59","d-server-00symnzy71d60v","2021-07-04 04:35:42.000"
"o-1a04oo4gdhip87lzm","d-server-012r1l8pann3h1","2021-07-04 04:35:42.000"
"o-39iqezsdkbdt5j7kf","d-server-01u0nnpwlgxqj5","2021-07-04 04:37:55.000"
"o-1a04oo4gdhip87lzm","d-server-012r1l8pann3h1","2021-07-04 04:40:45.000"
"o-6cif0wg3evk5xiw5o","d-server-00ga81n9jgn1os","2021-07-04 04:42:03.000"
"o-6dn3k0ihqcrrtg07f","d-server-01z8e4o14t22wr","2021-07-04 04:42:06.000"
"o-39iqezsdkbdt5j7kf","d-server-01u0nnpwlgxqj5","2021-07-04 04:42:58.000"
"o-25zxbz550dvex7b59","d-server-00symnzy71d60v","2021-07-04 04:43:17.000"
"o-6cif0wg3evk5xiw5o","d-server-00ga81n9jgn1os","2021-07-04 04:47:07.000"
"o-39iqezsdkbdt5j7kf","d-server-01u0nnpwlgxqj5","2021-07-04 04:48:01.000"
"o-25zxbz550dvex7b59","d-server-00symnzy71d60v","2021-07-04 04:48:21.000"
"o-1zafso4q4q212rf51","d-server-01ifrsp3279fnm","2021-07-04 04:49:33.000"
"o-6dn3k0ihqcrrtg07f","d-server-01z8e4o14t22wr","2021-07-04 04:49:40.000"
"o-39iqezsdkbdt5j7kf","d-server-01u0nnpwlgxqj5","2021-07-04 00:29:14.000"
"o-6dn3k0ihqcrrtg07f","d-server-01z8e4o14t22wr","2021-07-04 00:30:03.000"
"o-1a04oo4gdhip87lzm","d-server-012r1l8pann3h1","2021-07-04 00:32:23.000"
"o-25zxbz550dvex7b59","d-server-00symnzy71d60v","2021-07-04 00:32:24.000"
"o-6dn3k0ihqcrrtg07f","d-server-01z8e4o14t22wr","2021-07-04 00:37:10.000"
"o-1a04oo4gdhip87lzm","d-server-012r1l8pann3h1","2021-07-04 00:37:25.000"
"o-6cif0wg3evk5xiw5o","d-server-00ga81n9jgn1os","2021-07-04 00:38:28.000"
"o-39iqezsdkbdt5j7kf","d-server-01u0nnpwlgxqj5","2021-07-04 00:40:15.000"
"o-1zafso4q4q212rf51","d-server-01ifrsp3279fnm","2021-07-04 00:41:53.000"
"o-1zafso4q4q212rf51","d-server-01ifrsp3279fnm","2021-07-03 18:31:57.000"
"o-39iqezsdkbdt5j7kf","d-server-01u0nnpwlgxqj5","2021-07-03 18:32:25.000"
"o-6dn3k0ihqcrrtg07f","d-server-01z8e4o14t22wr","2021-07-03 18:38:19.000"
"o-25zxbz550dvex7b59","d-server-00symnzy71d60v","2021-07-03 18:38:58.000"
"o-39iqezsdkbdt5j7kf","d-server-01u0nnpwlgxqj5","2021-07-03 18:42:29.000"
"o-25zxbz550dvex7b59","d-server-00symnzy71d60v","2021-07-03 18:44:01.000"
"o-25zxbz550dvex7b59","d-server-00symnzy71d60v","2021-07-03 12:01:48.000"
"o-39iqezsdkbdt5j7kf","d-server-01u0nnpwlgxqj5","2021-07-03 12:03:30.000"
"o-25zxbz550dvex7b59","d-server-00symnzy71d60v","2021-07-03 12:09:21.000"
"o-6dn3k0ihqcrrtg07f","d-server-01z8e4o14t22wr","2021-07-03 12:10:37.000"
"o-1zafso4q4q212rf51","d-server-01ifrsp3279fnm","2021-07-03 12:10:45.000"
"o-39iqezsdkbdt5j7kf","d-server-01u0nnpwlgxqj5","2021-07-03 12:16:06.000"
"o-1a04oo4gdhip87lzm","d-server-012r1l8pann3h1","2021-07-04 03:45:16.000"
"o-25zxbz550dvex7b59","d-server-00symnzy71d60v","2021-07-04 03:45:16.000"
"o-39iqezsdkbdt5j7kf","d-server-01u0nnpwlgxqj5","2021-07-04 03:47:24.000"
"o-6cif0wg3evk5xiw5o","d-server-00ga81n9jgn1os","2021-07-04 03:49:02.000"
"o-6dn3k0ihqcrrtg07f","d-server-01z8e4o14t22wr","2021-07-04 03:49:00.000"
"o-39iqezsdkbdt5j7kf","d-server-01u0nnpwlgxqj5","2021-07-04 03:52:28.000"
"o-25zxbz550dvex7b59","d-server-00symnzy71d60v","2021-07-04 03:52:50.000"
"o-1a04oo4gdhip87lzm","d-server-012r1l8pann3h1","2021-07-04 03:52:50.000"
"o-6cif0wg3evk5xiw5o","d-server-00ga81n9jgn1os","2021-07-04 03:54:05.000"
"o-1zafso4q4q212rf51","d-server-01ifrsp3279fnm","2021-07-04 03:56:13.000"
"o-6dn3k0ihqcrrtg07f","d-server-01z8e4o14t22wr","2021-07-04 03:56:35.000"
"o-1zafso4q4q212rf51","d-server-01ifrsp3279fnm","2021-07-03 19:42:41.000"
"o-25zxbz550dvex7b59","d-server-00symnzy71d60v","2021-07-03 19:44:36.000"
"o-39iqezsdkbdt5j7kf","d-server-01u0nnpwlgxqj5","2021-07-03 19:45:37.000"
"o-6dn3k0ihqcrrtg07f","d-server-01z8e4o14t22wr","2021-07-03 19:46:28.000"
"o-25zxbz550dvex7b59","d-server-00symnzy71d60v","2021-07-03 19:52:12.000"
"o-6cif0wg3evk5xiw5o","d-server-00ga81n9jgn1os","2021-07-04 09:28:35.000"
"o-25zxbz550dvex7b59","d-server-00symnzy71d60v","2021-07-04 09:29:38.000"
"o-6dn3k0ihqcrrtg07f","d-server-01z8e4o14t22wr","2021-07-04 09:30:01.000"
"o-1zafso4q4q212rf51","d-server-01ifrsp3279fnm","2021-07-04 09:30:40.000"
"o-6cif0wg3evk5xiw5o","d-server-00ga81n9jgn1os","2021-07-04 09:33:53.000"
"o-6dn3k0ihqcrrtg07f","d-server-01z8e4o14t22wr","2021-07-04 09:35:29.000"
"o-25zxbz550dvex7b59","d-server-00symnzy71d60v","2021-07-04 09:37:58.000"
"o-6dn3k0ihqcrrtg07f","d-server-01z8e4o14t22wr","2021-07-04 09:40:32.000"
"o-39iqezsdkbdt5j7kf","d-server-01u0nnpwlgxqj5","2021-07-04 09:41:38.000"
"o-6cif0wg3evk5xiw5o","d-server-00ga81n9jgn1os","2021-07-04 00:46:03.000"
"o-6dn3k0ihqcrrtg07f","d-server-01z8e4o14t22wr","2021-07-04 00:47:15.000"
"o-25zxbz550dvex7b59","d-server-00symnzy71d60v","2021-07-04 00:47:32.000"
"o-1a04oo4gdhip87lzm","d-server-012r1l8pann3h1","2021-07-04 00:47:32.000"
"o-39iqezsdkbdt5j7kf","d-server-01u0nnpwlgxqj5","2021-07-04 00:48:03.000"
"o-1zafso4q4q212rf51","d-server-01ifrsp3279fnm","2021-07-04 00:49:27.000"
"o-6cif0wg3evk5xiw5o","d-server-00ga81n9jgn1os","2021-07-04 00:53:38.000"
"o-6dn3k0ihqcrrtg07f","d-server-01z8e4o14t22wr","2021-07-04 00:59:51.000"
"o-1a04oo4gdhip87lzm","d-server-012r1l8pann3h1","2021-07-04 01:00:10.000"
"o-25zxbz550dvex7b59","d-server-00symnzy71d60v","2021-07-04 01:00:10.000"
"o-1zafso4q4q212rf51","d-server-01ifrsp3279fnm","2021-07-03 16:34:06.000"
"o-6dn3k0ihqcrrtg07f","d-server-01z8e4o14t22wr","2021-07-03 16:39:35.000"
"o-25zxbz550dvex7b59","d-server-00symnzy71d60v","2021-07-03 16:39:16.000"
"o-39iqezsdkbdt5j7kf","d-server-01u0nnpwlgxqj5","2021-07-03 16:40:14.000"
"o-25zxbz550dvex7b59","d-server-00symnzy71d60v","2021-07-03 16:44:19.000"
"o-1zafso4q4q212rf51","d-server-01ifrsp3279fnm","2021-07-03 16:46:44.000"
"o-6dn3k0ihqcrrtg07f","d-server-01z8e4o14t22wr","2021-07-03 20:14:51.000"
"o-1zafso4q4q212rf51","d-server-01ifrsp3279fnm","2021-07-03 20:18:04.000"
"o-25zxbz550dvex7b59","d-server-00symnzy71d60v","2021-07-03 20:19:59.000"
"o-39iqezsdkbdt5j7kf","d-server-01u0nnpwlgxqj5","2021-07-03 20:20:59.000"
"o-1zafso4q4q212rf51","d-server-01ifrsp3279fnm","2021-07-03 20:25:38.000"
"o-6dn3k0ihqcrrtg07f","d-server-01z8e4o14t22wr","2021-07-03 20:27:27.000"
"o-6dn3k0ihqcrrtg07f","d-server-01z8e4o14t22wr","2021-07-04 10:20:53.000"
"o-25zxbz550dvex7b59","d-server-00symnzy71d60v","2021-07-04 10:21:16.000"
"o-6cif0wg3evk5xiw5o","d-server-00ga81n9jgn1os","2021-07-04 10:21:55.000"
"o-25zxbz550dvex7b59","d-server-00symnzy71d60v","2021-07-04 10:26:19.000"
"o-39iqezsdkbdt5j7kf","d-server-01u0nnpwlgxqj5","2021-07-04 10:27:04.000"
"o-6dn3k0ihqcrrtg07f","d-server-01z8e4o14t22wr","2021-07-04 10:28:28.000"
"o-1zafso4q4q212rf51","d-server-01ifrsp3279fnm","2021-07-04 10:28:43.000"
"o-39iqezsdkbdt5j7kf","d-server-01u0nnpwlgxqj5","2021-07-04 10:34:38.000"
"o-39iqezsdkbdt5j7kf","d-server-01u0nnpwlgxqj5","2021-07-04 03:27:12.000"
"o-6cif0wg3evk5xiw5o","d-server-00ga81n9jgn1os","2021-07-04 03:28:31.000"
"o-6dn3k0ihqcrrtg07f","d-server-01z8e4o14t22wr","2021-07-04 03:28:49.000"
"o-1a04oo4gdhip87lzm","d-server-012r1l8pann3h1","2021-07-04 03:32:38.000"
"o-1zafso4q4q212rf51","d-server-01ifrsp3279fnm","2021-07-04 03:33:32.000"
"o-25zxbz550dvex7b59","d-server-00symnzy71d60v","2021-07-04 03:35:10.000"
"o-6cif0wg3evk5xiw5o","d-server-00ga81n9jgn1os","2021-07-04 03:36:23.000"
"o-39iqezsdkbdt5j7kf","d-server-01u0nnpwlgxqj5","2021-07-04 03:39:48.000"
"o-6dn3k0ihqcrrtg07f","d-server-01z8e4o14t22wr","2021-07-04 03:41:25.000"
"o-1zafso4q4q212rf51","d-server-01ifrsp3279fnm","2021-07-03 18:13:55.000"
"o-6dn3k0ihqcrrtg07f","d-server-01z8e4o14t22wr","2021-07-03 18:15:35.000"
"o-25zxbz550dvex7b59","d-server-00symnzy71d60v","2021-07-03 18:18:47.000"
"o-39iqezsdkbdt5j7kf","d-server-01u0nnpwlgxqj5","2021-07-03 18:19:38.000"
"o-25zxbz550dvex7b59","d-server-00symnzy71d60v","2021-07-03 18:26:21.000"
"o-6dn3k0ihqcrrtg07f","d-server-01z8e4o14t22wr","2021-07-03 18:28:13.000"
"o-6dn3k0ihqcrrtg07f","d-server-01z8e4o14t22wr","2021-07-03 14:10:38.000"
"o-1zafso4q4q212rf51","d-server-01ifrsp3279fnm","2021-07-03 14:20:14.000"
"o-39iqezsdkbdt5j7kf","d-server-01u0nnpwlgxqj5","2021-07-03 14:20:35.000"
"o-25zxbz550dvex7b59","d-server-00symnzy71d60v","2021-07-03 14:22:17.000"
"o-6dn3k0ihqcrrtg07f","d-server-01z8e4o14t22wr","2021-07-03 14:23:15.000"
"o-1zafso4q4q212rf51","d-server-01ifrsp3279fnm","2021-07-03 21:10:04.000"
"o-39iqezsdkbdt5j7kf","d-server-01u0nnpwlgxqj5","2021-07-03 21:14:00.000"
"o-25zxbz550dvex7b59","d-server-00symnzy71d60v","2021-07-03 21:15:33.000"
"o-6dn3k0ihqcrrtg07f","d-server-01z8e4o14t22wr","2021-07-03 21:15:23.000"
"o-6dn3k0ihqcrrtg07f","d-server-01z8e4o14t22wr","2021-07-03 21:22:59.000"
"o-25zxbz550dvex7b59","d-server-00symnzy71d60v","2021-07-03 12:16:56.000"
"o-1zafso4q4q212rf51","d-server-01ifrsp3279fnm","2021-07-03 12:18:20.000"
"o-6dn3k0ihqcrrtg07f","d-server-01z8e4o14t22wr","2021-07-03 12:20:42.000"
"o-25zxbz550dvex7b59","d-server-00symnzy71d60v","2021-07-03 12:24:30.000"
"o-6dn3k0ihqcrrtg07f","d-server-01z8e4o14t22wr","2021-07-03 12:25:46.000"
"o-1zafso4q4q212rf51","d-server-01ifrsp3279fnm","2021-07-03 12:28:24.000"
"o-39iqezsdkbdt5j7kf","d-server-01u0nnpwlgxqj5","2021-07-03 12:28:44.000"
"o-25zxbz550dvex7b59","d-server-00symnzy71d60v","2021-07-04 06:29:14.000"
"o-6cif0wg3evk5xiw5o","d-server-00ga81n9jgn1os","2021-07-04 06:31:54.000"
"o-1a04oo4gdhip87lzm","d-server-012r1l8pann3h1","2021-07-04 06:31:46.000"
"o-39iqezsdkbdt5j7kf","d-server-01u0nnpwlgxqj5","2021-07-04 06:32:54.000"
"o-1zafso4q4q212rf51","d-server-01ifrsp3279fnm","2021-07-04 06:33:12.000"
"o-25zxbz550dvex7b59","d-server-00symnzy71d60v","2021-07-04 06:34:18.000"
"o-6dn3k0ihqcrrtg07f","d-server-01z8e4o14t22wr","2021-07-04 06:37:00.000"
"o-6dn3k0ihqcrrtg07f","d-server-01z8e4o14t22wr","2021-07-04 06:42:02.000"
"o-25zxbz550dvex7b59","d-server-00symnzy71d60v","2021-07-04 06:41:54.000"
"o-39iqezsdkbdt5j7kf","d-server-01u0nnpwlgxqj5","2021-07-04 06:43:00.000"
"o-25zxbz550dvex7b59","d-server-00symnzy71d60v","2021-07-03 12:32:07.000"
"o-6dn3k0ihqcrrtg07f","d-server-01z8e4o14t22wr","2021-07-03 12:36:17.000"
"o-39iqezsdkbdt5j7kf","d-server-01u0nnpwlgxqj5","2021-07-03 12:41:22.000"
"o-1zafso4q4q212rf51","d-server-01ifrsp3279fnm","2021-07-03 12:43:32.000"
"o-1zafso4q4q212rf51","d-server-01ifrsp3279fnm","2021-07-04 00:14:04.000"
"o-1a04oo4gdhip87lzm","d-server-012r1l8pann3h1","2021-07-04 00:14:41.000"
"o-25zxbz550dvex7b59","d-server-00symnzy71d60v","2021-07-04 00:17:13.000"
"o-6dn3k0ihqcrrtg07f","d-server-01z8e4o14t22wr","2021-07-04 00:17:26.000"
"o-39iqezsdkbdt5j7kf","d-server-01u0nnpwlgxqj5","2021-07-04 00:19:07.000"
"o-1a04oo4gdhip87lzm","d-server-012r1l8pann3h1","2021-07-04 00:22:16.000"
"o-6cif0wg3evk5xiw5o","d-server-00ga81n9jgn1os","2021-07-04 00:23:21.000"
"o-1zafso4q4q212rf51","d-server-01ifrsp3279fnm","2021-07-04 00:26:43.000"
"o-6cif0wg3evk5xiw5o","d-server-00ga81n9jgn1os","2021-07-04 00:28:24.000"
"o-1zafso4q4q212rf51","d-server-01ifrsp3279fnm","2021-07-03 18:49:36.000"
"o-6dn3k0ihqcrrtg07f","d-server-01z8e4o14t22wr","2021-07-03 18:53:27.000"
"o-39iqezsdkbdt5j7kf","d-server-01u0nnpwlgxqj5","2021-07-03 18:57:38.000"
"o-25zxbz550dvex7b59","d-server-00symnzy71d60v","2021-07-03 18:59:10.000"
"o-6dn3k0ihqcrrtg07f","d-server-01z8e4o14t22wr","2021-07-03 19:03:32.000"
"o-25zxbz550dvex7b59","d-server-00symnzy71d60v","2021-07-03 16:51:53.000"
"o-39iqezsdkbdt5j7kf","d-server-01u0nnpwlgxqj5","2021-07-03 16:53:22.000"
"o-6dn3k0ihqcrrtg07f","d-server-01z8e4o14t22wr","2021-07-03 16:54:46.000"
"o-39iqezsdkbdt5j7kf","d-server-01u0nnpwlgxqj5","2021-07-03 16:58:24.000"
"o-25zxbz550dvex7b59","d-server-00symnzy71d60v","2021-07-03 17:04:32.000"
"o-1zafso4q4q212rf51","d-server-01ifrsp3279fnm","2021-07-03 17:05:04.000"
"o-39iqezsdkbdt5j7kf","d-server-01u0nnpwlgxqj5","2021-07-03 17:05:59.000"
"o-39iqezsdkbdt5j7kf","d-server-01u0nnpwlgxqj5","2021-07-04 07:03:11.000"
"o-25zxbz550dvex7b59","d-server-00symnzy71d60v","2021-07-04 07:04:36.000"
"o-1a04oo4gdhip87lzm","d-server-012r1l8pann3h1","2021-07-04 07:04:36.000"
"o-6cif0wg3evk5xiw5o","d-server-00ga81n9jgn1os","2021-07-04 07:05:08.000"
"o-6dn3k0ihqcrrtg07f","d-server-01z8e4o14t22wr","2021-07-04 07:07:17.000"
"o-1zafso4q4q212rf51","d-server-01ifrsp3279fnm","2021-07-04 07:11:06.000"
"o-6dn3k0ihqcrrtg07f","d-server-01z8e4o14t22wr","2021-07-04 07:12:20.000"
"o-6cif0wg3evk5xiw5o","d-server-00ga81n9jgn1os","2021-07-04 07:12:42.000"
"o-1a04oo4gdhip87lzm","d-server-012r1l8pann3h1","2021-07-04 07:14:41.000"
"o-39iqezsdkbdt5j7kf","d-server-01u0nnpwlgxqj5","2021-07-04 07:15:47.000"
"o-25zxbz550dvex7b59","d-server-00symnzy71d60v","2021-07-04 07:17:14.000"
"o-39iqezsdkbdt5j7kf","d-server-01u0nnpwlgxqj5","2021-07-03 15:13:43.000"
"o-1zafso4q4q212rf51","d-server-01ifrsp3279fnm","2021-07-03 15:15:47.000"
"o-25zxbz550dvex7b59","d-server-00symnzy71d60v","2021-07-03 15:18:16.000"
"o-6dn3k0ihqcrrtg07f","d-server-01z8e4o14t22wr","2021-07-03 15:18:47.000"
"o-39iqezsdkbdt5j7kf","d-server-01u0nnpwlgxqj5","2021-07-03 15:26:20.000"
"o-1zafso4q4q212rf51","d-server-01ifrsp3279fnm","2021-07-04 06:45:48.000"
"o-6cif0wg3evk5xiw5o","d-server-00ga81n9jgn1os","2021-07-04 06:47:29.000"
"o-25zxbz550dvex7b59","d-server-00symnzy71d60v","2021-07-04 06:49:29.000"
"o-1a04oo4gdhip87lzm","d-server-012r1l8pann3h1","2021-07-04 06:52:00.000"
"o-39iqezsdkbdt5j7kf","d-server-01u0nnpwlgxqj5","2021-07-04 06:53:05.000"
"o-6dn3k0ihqcrrtg07f","d-server-01z8e4o14t22wr","2021-07-04 06:54:40.000"
"o-1zafso4q4q212rf51","d-server-01ifrsp3279fnm","2021-07-04 06:58:27.000"
"o-25zxbz550dvex7b59","d-server-00symnzy71d60v","2021-07-04 06:59:33.000"
"o-6cif0wg3evk5xiw5o","d-server-00ga81n9jgn1os","2021-07-04 07:00:04.000"
"o-39iqezsdkbdt5j7kf","d-server-01u0nnpwlgxqj5","2021-07-03 11:30:42.000"
"o-6dn3k0ihqcrrtg07f","d-server-01z8e4o14t22wr","2021-07-03 11:32:44.000"
"o-1zafso4q4q212rf51","d-server-01ifrsp3279fnm","2021-07-03 11:34:55.000"
"o-25zxbz550dvex7b59","d-server-00symnzy71d60v","2021-07-03 11:38:39.000"
"o-1zafso4q4q212rf51","d-server-01ifrsp3279fnm","2021-07-03 11:45:29.000"
"o-39iqezsdkbdt5j7kf","d-server-01u0nnpwlgxqj5","2021-07-03 23:55:31.000"
"o-1a04oo4gdhip87lzm","d-server-012r1l8pann3h1","2021-07-03 23:57:01.000"
"o-25zxbz550dvex7b59","d-server-00symnzy71d60v","2021-07-03 23:57:01.000"
"o-6cif0wg3evk5xiw5o","d-server-00ga81n9jgn1os","2021-07-03 23:59:20.000"
"o-6dn3k0ihqcrrtg07f","d-server-01z8e4o14t22wr","2021-07-03 23:59:44.000"
"o-1zafso4q4q212rf51","d-server-01ifrsp3279fnm","2021-07-04 00:03:59.000"
"o-6dn3k0ihqcrrtg07f","d-server-01z8e4o14t22wr","2021-07-04 00:04:47.000"
"o-1a04oo4gdhip87lzm","d-server-012r1l8pann3h1","2021-07-04 00:04:36.000"
"o-39iqezsdkbdt5j7kf","d-server-01u0nnpwlgxqj5","2021-07-04 00:06:32.000"
"o-25zxbz550dvex7b59","d-server-00symnzy71d60v","2021-07-04 00:07:08.000"
"o-6cif0wg3evk5xiw5o","d-server-00ga81n9jgn1os","2021-07-04 00:10:23.000"
"o-6dn3k0ihqcrrtg07f","d-server-01z8e4o14t22wr","2021-07-03 12:48:54.000"
"o-1zafso4q4q212rf51","d-server-01ifrsp3279fnm","2021-07-03 12:53:37.000"
"o-39iqezsdkbdt5j7kf","d-server-01u0nnpwlgxqj5","2021-07-03 12:54:00.000"
"o-25zxbz550dvex7b59","d-server-00symnzy71d60v","2021-07-03 12:55:34.000"
"o-39iqezsdkbdt5j7kf","d-server-01u0nnpwlgxqj5","2021-07-03 13:01:35.000"
"o-6dn3k0ihqcrrtg07f","d-server-01z8e4o14t22wr","2021-07-03 13:02:26.000"
"o-25zxbz550dvex7b59","d-server-00symnzy71d60v","2021-07-03 13:03:07.000"
"o-6dn3k0ihqcrrtg07f","d-server-01z8e4o14t22wr","2021-07-03 13:22:38.000"
"o-25zxbz550dvex7b59","d-server-00symnzy71d60v","2021-07-03 13:23:46.000"
"o-1zafso4q4q212rf51","d-server-01ifrsp3279fnm","2021-07-03 13:27:09.000"
"o-39iqezsdkbdt5j7kf","d-server-01u0nnpwlgxqj5","2021-07-03 13:26:51.000"
"o-39iqezsdkbdt5j7kf","d-server-01u0nnpwlgxqj5","2021-07-03 13:35:11.000"
"o-25zxbz550dvex7b59","d-server-00symnzy71d60v","2021-07-03 13:36:22.000"
"o-39iqezsdkbdt5j7kf","d-server-01u0nnpwlgxqj5","2021-07-04 08:40:03.000"
"o-25zxbz550dvex7b59","d-server-00symnzy71d60v","2021-07-04 08:41:45.000"
"o-6cif0wg3evk5xiw5o","d-server-00ga81n9jgn1os","2021-07-04 08:42:21.000"
"o-6dn3k0ihqcrrtg07f","d-server-01z8e4o14t22wr","2021-07-04 08:43:09.000"
"o-39iqezsdkbdt5j7kf","d-server-01u0nnpwlgxqj5","2021-07-04 08:45:05.000"
"o-1zafso4q4q212rf51","d-server-01ifrsp3279fnm","2021-07-04 08:47:48.000"
"o-25zxbz550dvex7b59","d-server-00symnzy71d60v","2021-07-04 08:49:18.000"
"o-6dn3k0ihqcrrtg07f","d-server-01z8e4o14t22wr","2021-07-04 08:53:15.000"
"o-39iqezsdkbdt5j7kf","d-server-01u0nnpwlgxqj5","2021-07-04 03:10:27.000"
"o-6cif0wg3evk5xiw5o","d-server-00ga81n9jgn1os","2021-07-04 03:10:49.000"
"o-25zxbz550dvex7b59","d-server-00symnzy71d60v","2021-07-04 03:12:18.000"
"o-39iqezsdkbdt5j7kf","d-server-01u0nnpwlgxqj5","2021-07-04 03:15:29.000"
"o-6cif0wg3evk5xiw5o","d-server-00ga81n9jgn1os","2021-07-04 03:15:52.000"
"o-6dn3k0ihqcrrtg07f","d-server-01z8e4o14t22wr","2021-07-04 03:16:11.000"
"o-25zxbz550dvex7b59","d-server-00symnzy71d60v","2021-07-04 03:17:20.000"
"o-1zafso4q4q212rf51","d-server-01ifrsp3279fnm","2021-07-04 03:20:53.000"
"o-1a04oo4gdhip87lzm","d-server-012r1l8pann3h1","2021-07-04 03:22:23.000"
"o-25zxbz550dvex7b59","d-server-00symnzy71d60v","2021-07-04 03:25:03.000"
"o-25zxbz550dvex7b59","d-server-00symnzy71d60v","2021-07-04 04:02:56.000"
"o-1zafso4q4q212rf51","d-server-01ifrsp3279fnm","2021-07-04 04:03:47.000"
"o-6cif0wg3evk5xiw5o","d-server-00ga81n9jgn1os","2021-07-04 04:04:10.000"
"o-39iqezsdkbdt5j7kf","d-server-01u0nnpwlgxqj5","2021-07-04 04:05:07.000"
"o-1a04oo4gdhip87lzm","d-server-012r1l8pann3h1","2021-07-04 04:05:27.000"
"o-6dn3k0ihqcrrtg07f","d-server-01z8e4o14t22wr","2021-07-04 04:11:47.000"
"o-1zafso4q4q212rf51","d-server-01ifrsp3279fnm","2021-07-04 04:14:14.000"
"o-6cif0wg3evk5xiw5o","d-server-00ga81n9jgn1os","2021-07-04 04:14:17.000"
"o-39iqezsdkbdt5j7kf","d-server-01u0nnpwlgxqj5","2021-07-04 04:15:12.000"
"o-25zxbz550dvex7b59","d-server-00symnzy71d60v","2021-07-04 04:15:34.000"
"o-1a04oo4gdhip87lzm","d-server-012r1l8pann3h1","2021-07-04 04:15:34.000"
"o-6cif0wg3evk5xiw5o","d-server-00ga81n9jgn1os","2021-07-03 23:39:06.000"
"o-39iqezsdkbdt5j7kf","d-server-01u0nnpwlgxqj5","2021-07-03 23:39:03.000"
"o-1zafso4q4q212rf51","d-server-01ifrsp3279fnm","2021-07-03 23:39:50.000"
"o-25zxbz550dvex7b59","d-server-00symnzy71d60v","2021-07-03 23:41:52.000"
"o-6dn3k0ihqcrrtg07f","d-server-01z8e4o14t22wr","2021-07-03 23:44:35.000"
"o-39iqezsdkbdt5j7kf","d-server-01u0nnpwlgxqj5","2021-07-03 23:45:26.000"
"o-25zxbz550dvex7b59","d-server-00symnzy71d60v","2021-07-03 23:46:55.000"
"o-1a04oo4gdhip87lzm","d-server-012r1l8pann3h1","2021-07-03 23:49:27.000"
"o-6cif0wg3evk5xiw5o","d-server-00ga81n9jgn1os","2021-07-03 23:49:13.000"
"o-6dn3k0ihqcrrtg07f","d-server-01z8e4o14t22wr","2021-07-03 23:52:11.000"
"o-1zafso4q4q212rf51","d-server-01ifrsp3279fnm","2021-07-03 23:53:30.000"
"o-39iqezsdkbdt5j7kf","d-server-01u0nnpwlgxqj5","2021-07-04 08:55:18.000"
"o-6cif0wg3evk5xiw5o","d-server-00ga81n9jgn1os","2021-07-04 08:55:44.000"
"o-39iqezsdkbdt5j7kf","d-server-01u0nnpwlgxqj5","2021-07-04 09:00:21.000"
"o-6dn3k0ihqcrrtg07f","d-server-01z8e4o14t22wr","2021-07-04 09:00:50.000"
"o-25zxbz550dvex7b59","d-server-00symnzy71d60v","2021-07-04 09:01:53.000"
"o-1zafso4q4q212rf51","d-server-01ifrsp3279fnm","2021-07-04 09:05:27.000"
"o-25zxbz550dvex7b59","d-server-00symnzy71d60v","2021-07-04 09:06:55.000"
"o-6cif0wg3evk5xiw5o","d-server-00ga81n9jgn1os","2021-07-04 09:08:21.000"
"o-25zxbz550dvex7b59","d-server-00symnzy71d60v","2021-07-03 20:52:49.000"
"o-39iqezsdkbdt5j7kf","d-server-01u0nnpwlgxqj5","2021-07-03 20:53:49.000"
"o-6dn3k0ihqcrrtg07f","d-server-01z8e4o14t22wr","2021-07-03 20:55:12.000"
"o-1zafso4q4q212rf51","d-server-01ifrsp3279fnm","2021-07-03 20:57:25.000"
"o-39iqezsdkbdt5j7kf","d-server-01u0nnpwlgxqj5","2021-07-03 20:58:51.000"
"o-6dn3k0ihqcrrtg07f","d-server-01z8e4o14t22wr","2021-07-03 21:02:46.000"
"o-25zxbz550dvex7b59","d-server-00symnzy71d60v","2021-07-03 21:05:27.000"
"o-39iqezsdkbdt5j7kf","d-server-01u0nnpwlgxqj5","2021-07-03 21:06:26.000"
"o-39iqezsdkbdt5j7kf","d-server-01u0nnpwlgxqj5","2021-07-03 13:55:21.000"
"o-1zafso4q4q212rf51","d-server-01ifrsp3279fnm","2021-07-03 13:57:28.000"
"o-6dn3k0ihqcrrtg07f","d-server-01z8e4o14t22wr","2021-07-03 13:58:00.000"
"o-25zxbz550dvex7b59","d-server-00symnzy71d60v","2021-07-03 14:01:36.000"
"o-39iqezsdkbdt5j7kf","d-server-01u0nnpwlgxqj5","2021-07-03 14:02:56.000"
"o-25zxbz550dvex7b59","d-server-00symnzy71d60v","2021-07-03 14:06:38.000"
"o-39iqezsdkbdt5j7kf","d-server-01u0nnpwlgxqj5","2021-07-03 14:07:59.000"
"o-6dn3k0ihqcrrtg07f","d-server-01z8e4o14t22wr","2021-07-03 13:37:49.000"
"o-1zafso4q4q212rf51","d-server-01ifrsp3279fnm","2021-07-03 13:39:47.000"
"o-39iqezsdkbdt5j7kf","d-server-01u0nnpwlgxqj5","2021-07-03 13:42:44.000"
"o-1zafso4q4q212rf51","d-server-01ifrsp3279fnm","2021-07-03 13:49:52.000"
"o-6dn3k0ihqcrrtg07f","d-server-01z8e4o14t22wr","2021-07-03 13:50:25.000"
"o-25zxbz550dvex7b59","d-server-00symnzy71d60v","2021-07-03 13:51:30.000"
"o-39iqezsdkbdt5j7kf","d-server-01u0nnpwlgxqj5","2021-07-04 01:51:07.000"
"o-25zxbz550dvex7b59","d-server-00symnzy71d60v","2021-07-04 01:55:44.000"
"o-1a04oo4gdhip87lzm","d-server-012r1l8pann3h1","2021-07-04 01:55:44.000"
"o-39iqezsdkbdt5j7kf","d-server-01u0nnpwlgxqj5","2021-07-04 01:58:57.000"
"o-6cif0wg3evk5xiw5o","d-server-00ga81n9jgn1os","2021-07-04 01:59:24.000"
"o-1zafso4q4q212rf51","d-server-01ifrsp3279fnm","2021-07-04 02:00:08.000"
"o-6dn3k0ihqcrrtg07f","d-server-01z8e4o14t22wr","2021-07-04 02:00:28.000"
"o-1a04oo4gdhip87lzm","d-server-012r1l8pann3h1","2021-07-04 02:03:20.000"
"o-1zafso4q4q212rf51","d-server-01ifrsp3279fnm","2021-07-04 02:05:11.000"
"o-6cif0wg3evk5xiw5o","d-server-00ga81n9jgn1os","2021-07-04 08:24:40.000"
"o-39iqezsdkbdt5j7kf","d-server-01u0nnpwlgxqj5","2021-07-04 08:24:54.000"
"o-6dn3k0ihqcrrtg07f","d-server-01z8e4o14t22wr","2021-07-04 08:30:33.000"
"o-25zxbz550dvex7b59","d-server-00symnzy71d60v","2021-07-04 08:34:11.000"
"o-6cif0wg3evk5xiw5o","d-server-00ga81n9jgn1os","2021-07-04 08:34:47.000"
"o-1zafso4q4q212rf51","d-server-01ifrsp3279fnm","2021-07-04 08:35:09.000"
"o-25zxbz550dvex7b59","d-server-00symnzy71d60v","2021-07-04 10:06:07.000"
"o-6cif0wg3evk5xiw5o","d-server-00ga81n9jgn1os","2021-07-04 10:06:41.000"
"o-39iqezsdkbdt5j7kf","d-server-01u0nnpwlgxqj5","2021-07-04 10:06:55.000"
"o-6dn3k0ihqcrrtg07f","d-server-01z8e4o14t22wr","2021-07-04 10:08:17.000"
"o-1zafso4q4q212rf51","d-server-01ifrsp3279fnm","2021-07-04 10:08:30.000"
"o-39iqezsdkbdt5j7kf","d-server-01u0nnpwlgxqj5","2021-07-04 10:14:28.000"
"o-1zafso4q4q212rf51","d-server-01ifrsp3279fnm","2021-07-04 10:18:37.000"
"o-25zxbz550dvex7b59","d-server-00symnzy71d60v","2021-07-04 07:50:37.000"
"o-6cif0wg3evk5xiw5o","d-server-00ga81n9jgn1os","2021-07-04 07:50:37.000"
"o-1zafso4q4q212rf51","d-server-01ifrsp3279fnm","2021-07-04 07:54:00.000"
"o-6cif0wg3evk5xiw5o","d-server-00ga81n9jgn1os","2021-07-04 07:54:22.000"
"o-39iqezsdkbdt5j7kf","d-server-01u0nnpwlgxqj5","2021-07-04 07:54:28.000"
"o-1zafso4q4q212rf51","d-server-01ifrsp3279fnm","2021-07-04 07:59:03.000"
"o-6dn3k0ihqcrrtg07f","d-server-01z8e4o14t22wr","2021-07-04 08:00:16.000"
"o-6cif0wg3evk5xiw5o","d-server-00ga81n9jgn1os","2021-07-04 08:01:56.000"
"o-25zxbz550dvex7b59","d-server-00symnzy71d60v","2021-07-04 08:03:13.000"
"o-1zafso4q4q212rf51","d-server-01ifrsp3279fnm","2021-07-04 08:04:05.000"
"o-1a04oo4gdhip87lzm","d-server-012r1l8pann3h1","2021-07-04 05:56:28.000"
"o-6dn3k0ihqcrrtg07f","d-server-01z8e4o14t22wr","2021-07-04 05:57:48.000"
"o-39iqezsdkbdt5j7kf","d-server-01u0nnpwlgxqj5","2021-07-04 05:59:56.000"
"o-25zxbz550dvex7b59","d-server-00symnzy71d60v","2021-07-04 06:04:01.000"
"o-1a04oo4gdhip87lzm","d-server-012r1l8pann3h1","2021-07-04 06:06:33.000"
"o-6cif0wg3evk5xiw5o","d-server-00ga81n9jgn1os","2021-07-04 06:06:40.000"
"o-1zafso4q4q212rf51","d-server-01ifrsp3279fnm","2021-07-04 06:07:57.000"
"o-39iqezsdkbdt5j7kf","d-server-01u0nnpwlgxqj5","2021-07-04 06:07:38.000"
"o-6dn3k0ihqcrrtg07f","d-server-01z8e4o14t22wr","2021-07-04 06:10:25.000"
"o-39iqezsdkbdt5j7kf","d-server-01u0nnpwlgxqj5","2021-07-03 20:31:05.000"
"o-25zxbz550dvex7b59","d-server-00symnzy71d60v","2021-07-03 20:32:35.000"
"o-6dn3k0ihqcrrtg07f","d-server-01z8e4o14t22wr","2021-07-03 20:35:01.000"
"o-1zafso4q4q212rf51","d-server-01ifrsp3279fnm","2021-07-03 20:35:42.000"
"o-39iqezsdkbdt5j7kf","d-server-01u0nnpwlgxqj5","2021-07-03 20:38:40.000"
"o-25zxbz550dvex7b59","d-server-00symnzy71d60v","2021-07-03 20:40:11.000"
"o-6dn3k0ihqcrrtg07f","d-server-01z8e4o14t22wr","2021-07-03 20:42:35.000"
"o-39iqezsdkbdt5j7kf","d-server-01u0nnpwlgxqj5","2021-07-03 20:43:43.000"
"o-1zafso4q4q212rf51","d-server-01ifrsp3279fnm","2021-07-03 20:44:48.000"
"o-25zxbz550dvex7b59","d-server-00symnzy71d60v","2021-07-03 20:45:14.000"
"o-6dn3k0ihqcrrtg07f","d-server-01z8e4o14t22wr","2021-07-03 19:59:07.000"
"o-25zxbz550dvex7b59","d-server-00symnzy71d60v","2021-07-03 19:59:46.000"
"o-39iqezsdkbdt5j7kf","d-server-01u0nnpwlgxqj5","2021-07-03 20:00:47.000"
"o-6dn3k0ihqcrrtg07f","d-server-01z8e4o14t22wr","2021-07-03 20:07:17.000"
"o-1zafso4q4q212rf51","d-server-01ifrsp3279fnm","2021-07-03 20:07:56.000"
"o-25zxbz550dvex7b59","d-server-00symnzy71d60v","2021-07-03 20:12:24.000"
"o-39iqezsdkbdt5j7kf","d-server-01u0nnpwlgxqj5","2021-07-03 20:13:25.000"
"o-6cif0wg3evk5xiw5o","d-server-00ga81n9jgn1os","2021-07-04 05:38:56.000"
"o-1a04oo4gdhip87lzm","d-server-012r1l8pann3h1","2021-07-04 05:41:19.000"
"o-39iqezsdkbdt5j7kf","d-server-01u0nnpwlgxqj5","2021-07-04 05:42:15.000"
"o-6dn3k0ihqcrrtg07f","d-server-01z8e4o14t22wr","2021-07-04 05:42:40.000"
"o-39iqezsdkbdt5j7kf","d-server-01u0nnpwlgxqj5","2021-07-04 05:47:17.000"
"o-6dn3k0ihqcrrtg07f","d-server-01z8e4o14t22wr","2021-07-04 05:47:43.000"
"o-1a04oo4gdhip87lzm","d-server-012r1l8pann3h1","2021-07-04 05:48:53.000"
"o-25zxbz550dvex7b59","d-server-00symnzy71d60v","2021-07-04 05:48:53.000"
"o-6cif0wg3evk5xiw5o","d-server-00ga81n9jgn1os","2021-07-04 05:51:34.000"
"o-1zafso4q4q212rf51","d-server-01ifrsp3279fnm","2021-07-04 05:52:49.000"
"o-39iqezsdkbdt5j7kf","d-server-01u0nnpwlgxqj5","2021-07-04 01:03:10.000"
"o-1zafso4q4q212rf51","d-server-01ifrsp3279fnm","2021-07-04 01:04:35.000"
"o-6dn3k0ihqcrrtg07f","d-server-01z8e4o14t22wr","2021-07-04 01:07:25.000"
"o-6cif0wg3evk5xiw5o","d-server-00ga81n9jgn1os","2021-07-04 01:08:47.000"
"o-25zxbz550dvex7b59","d-server-00symnzy71d60v","2021-07-04 01:10:16.000"
"o-39iqezsdkbdt5j7kf","d-server-01u0nnpwlgxqj5","2021-07-04 01:10:45.000"
"o-1a04oo4gdhip87lzm","d-server-012r1l8pann3h1","2021-07-04 01:12:48.000"
"o-1zafso4q4q212rf51","d-server-01ifrsp3279fnm","2021-07-04 01:14:40.000"
"o-6dn3k0ihqcrrtg07f","d-server-01z8e4o14t22wr","2021-07-04 01:15:01.000"
"o-6cif0wg3evk5xiw5o","d-server-00ga81n9jgn1os","2021-07-04 01:16:20.000"
"o-39iqezsdkbdt5j7kf","d-server-01u0nnpwlgxqj5","2021-07-04 09:12:58.000"
"o-6dn3k0ihqcrrtg07f","d-server-01z8e4o14t22wr","2021-07-04 09:14:03.000"
"o-6cif0wg3evk5xiw5o","d-server-00ga81n9jgn1os","2021-07-04 09:21:00.000"
"o-25zxbz550dvex7b59","d-server-00symnzy71d60v","2021-07-04 09:22:03.000"
"o-1zafso4q4q212rf51","d-server-01ifrsp3279fnm","2021-07-04 09:23:06.000"
"o-39iqezsdkbdt5j7kf","d-server-01u0nnpwlgxqj5","2021-07-04 09:26:29.000"
"o-6dn3k0ihqcrrtg07f","d-server-01z8e4o14t22wr","2021-07-04 09:45:34.000"
"o-1zafso4q4q212rf51","d-server-01ifrsp3279fnm","2021-07-04 09:48:18.000"
"o-6cif0wg3evk5xiw5o","d-server-00ga81n9jgn1os","2021-07-04 09:49:02.000"
"o-39iqezsdkbdt5j7kf","d-server-01u0nnpwlgxqj5","2021-07-04 09:49:13.000"
"o-25zxbz550dvex7b59","d-server-00symnzy71d60v","2021-07-04 09:50:48.000"
"o-6dn3k0ihqcrrtg07f","d-server-01z8e4o14t22wr","2021-07-04 09:58:11.000"
"o-1zafso4q4q212rf51","d-server-01ifrsp3279fnm","2021-07-04 09:58:24.000"
"o-6cif0wg3evk5xiw5o","d-server-00ga81n9jgn1os","2021-07-04 09:59:06.000"
"o-39iqezsdkbdt5j7kf","d-server-01u0nnpwlgxqj5","2021-07-04 09:59:20.000"
"o-39iqezsdkbdt5j7kf","d-server-01u0nnpwlgxqj5","2021-07-04 06:12:42.000"
"o-1zafso4q4q212rf51","d-server-01ifrsp3279fnm","2021-07-04 06:15:32.000"
"o-25zxbz550dvex7b59","d-server-00symnzy71d60v","2021-07-04 06:16:37.000"
"o-1a04oo4gdhip87lzm","d-server-012r1l8pann3h1","2021-07-04 06:16:37.000"
"o-6cif0wg3evk5xiw5o","d-server-00ga81n9jgn1os","2021-07-04 06:19:16.000"
"o-39iqezsdkbdt5j7kf","d-server-01u0nnpwlgxqj5","2021-07-04 06:20:16.000"
"o-25zxbz550dvex7b59","d-server-00symnzy71d60v","2021-07-04 06:21:39.000"
"o-6dn3k0ihqcrrtg07f","d-server-01z8e4o14t22wr","2021-07-04 06:23:04.000"
"o-1a04oo4gdhip87lzm","d-server-012r1l8pann3h1","2021-07-04 06:24:11.000"
"o-1a04oo4gdhip87lzm","d-server-012r1l8pann3h1","2021-07-04 04:53:25.000"
"o-39iqezsdkbdt5j7kf","d-server-01u0nnpwlgxqj5","2021-07-04 04:55:35.000"
"o-25zxbz550dvex7b59","d-server-00symnzy71d60v","2021-07-04 04:58:27.000"
"o-6cif0wg3evk5xiw5o","d-server-00ga81n9jgn1os","2021-07-04 04:59:44.000"
"o-1a04oo4gdhip87lzm","d-server-012r1l8pann3h1","2021-07-04 05:00:58.000"
"o-39iqezsdkbdt5j7kf","d-server-01u0nnpwlgxqj5","2021-07-04 05:00:39.000"
"o-1zafso4q4q212rf51","d-server-01ifrsp3279fnm","2021-07-04 05:02:11.000"
"o-6dn3k0ihqcrrtg07f","d-server-01z8e4o14t22wr","2021-07-04 05:02:18.000"
"o-6cif0wg3evk5xiw5o","d-server-00ga81n9jgn1os","2021-07-04 05:07:18.000"
"o-6dn3k0ihqcrrtg07f","d-server-01z8e4o14t22wr","2021-07-04 07:35:03.000"
"o-1a04oo4gdhip87lzm","d-server-012r1l8pann3h1","2021-07-04 07:35:14.000"
"o-25zxbz550dvex7b59","d-server-00symnzy71d60v","2021-07-04 07:37:46.000"
"o-39iqezsdkbdt5j7kf","d-server-01u0nnpwlgxqj5","2021-07-04 07:38:33.000"
"o-6cif0wg3evk5xiw5o","d-server-00ga81n9jgn1os","2021-07-04 07:40:31.000"
"o-1zafso4q4q212rf51","d-server-01ifrsp3279fnm","2021-07-04 07:41:24.000"
"o-1a04oo4gdhip87lzm","d-server-012r1l8pann3h1","2021-07-04 07:45:32.000"
"o-6dn3k0ihqcrrtg07f","d-server-01z8e4o14t22wr","2021-07-04 07:47:40.000"
"o-39iqezsdkbdt5j7kf","d-server-01u0nnpwlgxqj5","2021-07-04 07:48:39.000"
"o-1zafso4q4q212rf51","d-server-01ifrsp3279fnm","2021-07-03 15:58:45.000"
"o-6dn3k0ihqcrrtg07f","d-server-01z8e4o14t22wr","2021-07-03 15:59:10.000"
"o-25zxbz550dvex7b59","d-server-00symnzy71d60v","2021-07-03 16:03:55.000"
"o-39iqezsdkbdt5j7kf","d-server-01u0nnpwlgxqj5","2021-07-03 16:04:11.000"
"o-6dn3k0ihqcrrtg07f","d-server-01z8e4o14t22wr","2021-07-03 16:09:17.000"
"o-25zxbz550dvex7b59","d-server-00symnzy71d60v","2021-07-03 16:11:30.000"
"o-39iqezsdkbdt5j7kf","d-server-01u0nnpwlgxqj5","2021-07-03 16:11:44.000"
"o-39iqezsdkbdt5j7kf","d-server-01u0nnpwlgxqj5","2021-07-03 22:00:08.000"
"o-1zafso4q4q212rf51","d-server-01ifrsp3279fnm","2021-07-03 22:00:35.000"
"o-25zxbz550dvex7b59","d-server-00symnzy71d60v","2021-07-03 22:00:57.000"
"o-6dn3k0ihqcrrtg07f","d-server-01z8e4o14t22wr","2021-07-03 22:03:32.000"
"o-25zxbz550dvex7b59","d-server-00symnzy71d60v","2021-07-03 22:11:01.000"
"o-1zafso4q4q212rf51","d-server-01ifrsp3279fnm","2021-07-03 22:13:13.000"
"o-39iqezsdkbdt5j7kf","d-server-01u0nnpwlgxqj5","2021-07-03 17:26:09.000"
"o-1zafso4q4q212rf51","d-server-01ifrsp3279fnm","2021-07-03 17:27:49.000"
"o-6dn3k0ihqcrrtg07f","d-server-01z8e4o14t22wr","2021-07-03 17:30:06.000"
"o-25zxbz550dvex7b59","d-server-00symnzy71d60v","2021-07-03 17:32:22.000"
"o-1zafso4q4q212rf51","d-server-01ifrsp3279fnm","2021-07-03 17:32:52.000"
"o-6dn3k0ihqcrrtg07f","d-server-01z8e4o14t22wr","2021-07-03 17:35:09.000"
"o-39iqezsdkbdt5j7kf","d-server-01u0nnpwlgxqj5","2021-07-03 17:38:54.000"
"o-39iqezsdkbdt5j7kf","d-server-01u0nnpwlgxqj5","2021-07-03 11:45:50.000"
"o-25zxbz550dvex7b59","d-server-00symnzy71d60v","2021-07-03 11:46:40.000"
"o-6dn3k0ihqcrrtg07f","d-server-01z8e4o14t22wr","2021-07-03 11:47:53.000"
"o-1zafso4q4q212rf51","d-server-01ifrsp3279fnm","2021-07-03 11:55:37.000"
"o-39iqezsdkbdt5j7kf","d-server-01u0nnpwlgxqj5","2021-07-03 11:55:56.000"
"o-25zxbz550dvex7b59","d-server-00symnzy71d60v","2021-07-03 11:56:46.000"
"o-6dn3k0ihqcrrtg07f","d-server-01z8e4o14t22wr","2021-07-03 11:57:57.000"
"o-6cif0wg3evk5xiw5o","d-server-00ga81n9jgn1os","2021-07-04 02:54:57.000"
"o-25zxbz550dvex7b59","d-server-00symnzy71d60v","2021-07-04 02:57:08.000"
"o-39iqezsdkbdt5j7kf","d-server-01u0nnpwlgxqj5","2021-07-04 02:57:46.000"
"o-1a04oo4gdhip87lzm","d-server-012r1l8pann3h1","2021-07-04 02:59:38.000"
"o-6cif0wg3evk5xiw5o","d-server-00ga81n9jgn1os","2021-07-04 03:00:31.000"
"o-6dn3k0ihqcrrtg07f","d-server-01z8e4o14t22wr","2021-07-04 03:01:00.000"
"o-25zxbz550dvex7b59","d-server-00symnzy71d60v","2021-07-04 03:04:42.000"
"o-1zafso4q4q212rf51","d-server-01ifrsp3279fnm","2021-07-04 03:05:44.000"
"o-1a04oo4gdhip87lzm","d-server-012r1l8pann3h1","2021-07-04 03:09:45.000"
"o-39iqezsdkbdt5j7kf","d-server-01u0nnpwlgxqj5","2021-07-04 08:09:36.000"
"o-6dn3k0ihqcrrtg07f","d-server-01z8e4o14t22wr","2021-07-04 08:12:53.000"
"o-25zxbz550dvex7b59","d-server-00symnzy71d60v","2021-07-04 08:13:19.000"
"o-1zafso4q4q212rf51","d-server-01ifrsp3279fnm","2021-07-04 08:14:11.000"
"o-6cif0wg3evk5xiw5o","d-server-00ga81n9jgn1os","2021-07-04 08:14:34.000"
"o-25zxbz550dvex7b59","d-server-00symnzy71d60v","2021-07-04 08:18:22.000"
"o-39iqezsdkbdt5j7kf","d-server-01u0nnpwlgxqj5","2021-07-04 08:19:50.000"
"o-6dn3k0ihqcrrtg07f","d-server-01z8e4o14t22wr","2021-07-04 08:20:28.000"
"o-25zxbz550dvex7b59","d-server-00symnzy71d60v","2021-07-04 08:23:26.000"
"o-39iqezsdkbdt5j7kf","d-server-01u0nnpwlgxqj5","2021-07-03 22:48:33.000"
"o-6dn3k0ihqcrrtg07f","d-server-01z8e4o14t22wr","2021-07-03 22:49:02.000"
"o-1zafso4q4q212rf51","d-server-01ifrsp3279fnm","2021-07-03 22:51:04.000"
"o-39iqezsdkbdt5j7kf","d-server-01u0nnpwlgxqj5","2021-07-03 22:58:39.000"
"o-6dn3k0ihqcrrtg07f","d-server-01z8e4o14t22wr","2021-07-03 22:59:08.000"
"o-25zxbz550dvex7b59","d-server-00symnzy71d60v","2021-07-03 22:59:01.000"
"o-1a04oo4gdhip87lzm","d-server-012r1l8pann3h1","2021-07-03 23:01:32.000"
"o-6dn3k0ihqcrrtg07f","d-server-01z8e4o14t22wr","2021-07-03 17:42:44.000"
"o-25zxbz550dvex7b59","d-server-00symnzy71d60v","2021-07-03 17:43:24.000"
"o-39iqezsdkbdt5j7kf","d-server-01u0nnpwlgxqj5","2021-07-03 17:43:56.000"
"o-1zafso4q4q212rf51","d-server-01ifrsp3279fnm","2021-07-03 17:48:41.000"
"o-39iqezsdkbdt5j7kf","d-server-01u0nnpwlgxqj5","2021-07-03 17:51:53.000"
"o-6dn3k0ihqcrrtg07f","d-server-01z8e4o14t22wr","2021-07-03 17:52:52.000"
"o-25zxbz550dvex7b59","d-server-00symnzy71d60v","2021-07-03 17:53:30.000"
"o-39iqezsdkbdt5j7kf","d-server-01u0nnpwlgxqj5","2021-07-03 17:56:55.000"
"o-1zafso4q4q212rf51","d-server-01ifrsp3279fnm","2021-07-03 13:06:57.000"
"o-39iqezsdkbdt5j7kf","d-server-01u0nnpwlgxqj5","2021-07-03 13:14:14.000"
"o-6dn3k0ihqcrrtg07f","d-server-01z8e4o14t22wr","2021-07-03 13:15:05.000"
"o-25zxbz550dvex7b59","d-server-00symnzy71d60v","2021-07-03 13:16:12.000"
"o-1zafso4q4q212rf51","d-server-01ifrsp3279fnm","2021-07-03 13:17:03.000"
"o-1zafso4q4q212rf51","d-server-01ifrsp3279fnm","2021-07-03 19:04:46.000"
"o-25zxbz550dvex7b59","d-server-00symnzy71d60v","2021-07-03 19:06:46.000"
"o-39iqezsdkbdt5j7kf","d-server-01u0nnpwlgxqj5","2021-07-03 19:07:44.000"
"o-6dn3k0ihqcrrtg07f","d-server-01z8e4o14t22wr","2021-07-03 19:13:37.000"
"o-25zxbz550dvex7b59","d-server-00symnzy71d60v","2021-07-03 19:14:19.000"
"o-1zafso4q4q212rf51","d-server-01ifrsp3279fnm","2021-07-03 19:14:52.000"
"o-1zafso4q4q212rf51","d-server-01ifrsp3279fnm","2021-07-03 15:43:36.000"
"o-6dn3k0ihqcrrtg07f","d-server-01z8e4o14t22wr","2021-07-03 15:44:02.000"
"o-25zxbz550dvex7b59","d-server-00symnzy71d60v","2021-07-03 15:48:47.000"
"o-39iqezsdkbdt5j7kf","d-server-01u0nnpwlgxqj5","2021-07-03 15:51:35.000"
"o-1a04oo4gdhip87lzm","d-server-012r1l8pann3h1","2021-07-04 02:21:46.000"
"o-6cif0wg3evk5xiw5o","d-server-00ga81n9jgn1os","2021-07-04 02:27:10.000"
"o-1zafso4q4q212rf51","d-server-01ifrsp3279fnm","2021-07-04 02:30:26.000"
"o-1a04oo4gdhip87lzm","d-server-012r1l8pann3h1","2021-07-04 02:31:52.000"
"o-25zxbz550dvex7b59","d-server-00symnzy71d60v","2021-07-04 02:31:52.000"
"o-6cif0wg3evk5xiw5o","d-server-00ga81n9jgn1os","2021-07-04 02:34:44.000"
"o-39iqezsdkbdt5j7kf","d-server-01u0nnpwlgxqj5","2021-07-04 02:35:05.000"
"o-6dn3k0ihqcrrtg07f","d-server-01z8e4o14t22wr","2021-07-04 02:35:46.000"
"o-6dn3k0ihqcrrtg07f","d-server-01z8e4o14t22wr","2021-07-03 17:09:56.000"
"o-39iqezsdkbdt5j7kf","d-server-01u0nnpwlgxqj5","2021-07-03 17:13:34.000"
"o-1zafso4q4q212rf51","d-server-01ifrsp3279fnm","2021-07-03 17:17:42.000"
"o-25zxbz550dvex7b59","d-server-00symnzy71d60v","2021-07-03 17:19:44.000"
"o-6dn3k0ihqcrrtg07f","d-server-01z8e4o14t22wr","2021-07-03 17:22:33.000"
"o-39iqezsdkbdt5j7kf","d-server-01u0nnpwlgxqj5","2021-07-03 14:40:48.000"
"o-6dn3k0ihqcrrtg07f","d-server-01z8e4o14t22wr","2021-07-03 14:40:56.000"
"o-25zxbz550dvex7b59","d-server-00symnzy71d60v","2021-07-03 14:47:54.000"
"o-6dn3k0ihqcrrtg07f","d-server-01z8e4o14t22wr","2021-07-03 14:50:59.000"
"o-1zafso4q4q212rf51","d-server-01ifrsp3279fnm","2021-07-03 14:53:04.000"
"o-39iqezsdkbdt5j7kf","d-server-01u0nnpwlgxqj5","2021-07-03 14:53:24.000"
